{"val_loss": 1.3721978664398193, "accuracy": 0.5079999566078186, "data_props": "1,0,1", "device": "cuda", "train_loss": 1.2738374471664429, "epoch": 0, "epoch_time": 147.50309896469116, "start_time": 1669934043.906431}
{"val_loss": 1.1615544557571411, "accuracy": 0.5955000519752502, "data_props": "1,0,1", "device": "cuda", "train_loss": 0.8921324014663696, "epoch": 1, "epoch_time": 143.85484886169434, "start_time": 1669934043.906431}
{"val_loss": 1.0119121074676514, "accuracy": 0.6441999673843384, "data_props": "1,0,1", "device": "cuda", "train_loss": 0.7524055242538452, "epoch": 2, "epoch_time": 145.14267945289612, "start_time": 1669934043.906431}
{"val_loss": 0.9192603826522827, "accuracy": 0.6726000308990479, "data_props": "1,0,1", "device": "cuda", "train_loss": 0.6730208992958069, "epoch": 3, "epoch_time": 145.07204604148865, "start_time": 1669934043.906431}
{"val_loss": 0.864182710647583, "accuracy": 0.6976999640464783, "data_props": "1,0,1", "device": "cuda", "train_loss": 0.6168565154075623, "epoch": 4, "epoch_time": 143.73610949516296, "start_time": 1669934043.906431}
{"val_loss": 0.8040537238121033, "accuracy": 0.7183000445365906, "data_props": "1,0,1", "device": "cuda", "train_loss": 0.5721778273582458, "epoch": 5, "epoch_time": 143.52845764160156, "start_time": 1669934043.906431}
{"val_loss": 0.7543560862541199, "accuracy": 0.7391000390052795, "data_props": "1,0,1", "device": "cuda", "train_loss": 0.5405400991439819, "epoch": 6, "epoch_time": 142.4532687664032, "start_time": 1669934043.906431}
{"val_loss": 0.7057188153266907, "accuracy": 0.7552000284194946, "data_props": "1,0,1", "device": "cuda", "train_loss": 0.5066090226173401, "epoch": 7, "epoch_time": 144.674742937088, "start_time": 1669934043.906431}
{"val_loss": 0.6937848925590515, "accuracy": 0.7550999522209167, "data_props": "1,0,1", "device": "cuda", "train_loss": 0.47733432054519653, "epoch": 8, "epoch_time": 144.73954439163208, "start_time": 1669934043.906431}
{"val_loss": 0.672639787197113, "accuracy": 0.7688001394271851, "data_props": "1,0,1", "device": "cuda", "train_loss": 0.4509011507034302, "epoch": 9, "epoch_time": 142.47001814842224, "start_time": 1669934043.906431}
{"val_loss": 0.6440190672874451, "accuracy": 0.7788999676704407, "data_props": "1,0,1", "device": "cuda", "train_loss": 0.43119582533836365, "epoch": 10, "epoch_time": 142.5391709804535, "start_time": 1669934043.906431}
{"val_loss": 0.6327177286148071, "accuracy": 0.7852000594139099, "data_props": "1,0,1", "device": "cuda", "train_loss": 0.41212794184684753, "epoch": 11, "epoch_time": 143.3520541191101, "start_time": 1669934043.906431}
{"val_loss": 0.61993807554245, "accuracy": 0.7880000472068787, "data_props": "1,0,1", "device": "cuda", "train_loss": 0.3972291350364685, "epoch": 12, "epoch_time": 147.52796912193298, "start_time": 1669934043.906431}
{"val_loss": 0.6145538687705994, "accuracy": 0.7943999767303467, "data_props": "1,0,1", "device": "cuda", "train_loss": 0.37875211238861084, "epoch": 13, "epoch_time": 144.10940980911255, "start_time": 1669934043.906431}
{"val_loss": 0.6084031462669373, "accuracy": 0.7942000031471252, "data_props": "1,0,1", "device": "cuda", "train_loss": 0.36745500564575195, "epoch": 14, "epoch_time": 143.84696412086487, "start_time": 1669934043.906431}
{"val_loss": 0.5979946851730347, "accuracy": 0.7976000308990479, "data_props": "1,0,1", "device": "cuda", "train_loss": 0.3544703423976898, "epoch": 15, "epoch_time": 143.0800302028656, "start_time": 1669934043.906431}
{"val_loss": 0.655107319355011, "accuracy": 0.7759999632835388, "data_props": "1,0,1", "device": "cuda", "train_loss": 0.34104692935943604, "epoch": 16, "epoch_time": 146.10578608512878, "start_time": 1669934043.906431}
{"val_loss": 0.628809928894043, "accuracy": 0.7829999327659607, "data_props": "1,0,1", "device": "cuda", "train_loss": 0.3309329152107239, "epoch": 17, "epoch_time": 145.73527312278748, "start_time": 1669934043.906431}
{"val_loss": 0.6515394449234009, "accuracy": 0.7745000720024109, "data_props": "1,0,1", "device": "cuda", "train_loss": 0.322320818901062, "epoch": 18, "epoch_time": 144.1516237258911, "start_time": 1669934043.906431}
{"val_loss": 0.6184563636779785, "accuracy": 0.7874001264572144, "data_props": "1,0,1", "device": "cuda", "train_loss": 0.3119337260723114, "epoch": 19, "epoch_time": 145.09405326843262, "start_time": 1669934043.906431}
{"val_loss": 0.6550654768943787, "accuracy": 0.7779999375343323, "data_props": "1,0,1", "device": "cuda", "train_loss": 0.30482789874076843, "epoch": 20, "epoch_time": 150.83152079582214, "start_time": 1669934043.906431}
{"val_loss": 0.6254271268844604, "accuracy": 0.7926000356674194, "data_props": "1,0,1", "device": "cuda", "train_loss": 0.2942533791065216, "epoch": 21, "epoch_time": 148.1498749256134, "start_time": 1669934043.906431}
{"val_loss": 0.6857560873031616, "accuracy": 0.7695999145507812, "data_props": "1,0,1", "device": "cuda", "train_loss": 0.2891232669353485, "epoch": 22, "epoch_time": 147.17625164985657, "start_time": 1669934043.906431}
{"val_loss": 0.5983831286430359, "accuracy": 0.7952000498771667, "data_props": "1,0,1", "device": "cuda", "train_loss": 0.28219571709632874, "epoch": 23, "epoch_time": 145.3887062072754, "start_time": 1669934043.906431}
{"val_loss": 0.5638070702552795, "accuracy": 0.8113000392913818, "data_props": "1,0,1", "device": "cuda", "train_loss": 0.27612045407295227, "epoch": 24, "epoch_time": 151.15271592140198, "start_time": 1669934043.906431}
{"val_loss": 0.5451870560646057, "accuracy": 0.8179999589920044, "data_props": "1,0,1", "device": "cuda", "train_loss": 0.27084437012672424, "epoch": 25, "epoch_time": 148.81913590431213, "start_time": 1669934043.906431}
{"val_loss": 0.516926646232605, "accuracy": 0.8252999782562256, "data_props": "1,0,1", "device": "cuda", "train_loss": 0.2642117440700531, "epoch": 26, "epoch_time": 150.5647256374359, "start_time": 1669934043.906431}
{"val_loss": 0.5200901627540588, "accuracy": 0.8264999985694885, "data_props": "1,0,1", "device": "cuda", "train_loss": 0.25726327300071716, "epoch": 27, "epoch_time": 150.25286316871643, "start_time": 1669934043.906431}
{"val_loss": 0.49066439270973206, "accuracy": 0.8346000909805298, "data_props": "1,0,1", "device": "cuda", "train_loss": 0.2538144886493683, "epoch": 28, "epoch_time": 149.25468039512634, "start_time": 1669934043.906431}
{"val_loss": 0.4756866693496704, "accuracy": 0.8394998908042908, "data_props": "1,0,1", "device": "cuda", "train_loss": 0.24977385997772217, "epoch": 29, "epoch_time": 153.58761858940125, "start_time": 1669934043.906431}
{"val_loss": 0.4706004858016968, "accuracy": 0.8433000445365906, "data_props": "1,0,1", "device": "cuda", "train_loss": 0.2456069141626358, "epoch": 30, "epoch_time": 154.21464681625366, "start_time": 1669934043.906431}
{"val_loss": 0.4801899790763855, "accuracy": 0.8407999277114868, "data_props": "1,0,1", "device": "cuda", "train_loss": 0.2368549257516861, "epoch": 31, "epoch_time": 152.1913275718689, "start_time": 1669934043.906431}
{"val_loss": 0.4735884368419647, "accuracy": 0.8410999774932861, "data_props": "1,0,1", "device": "cuda", "train_loss": 0.23417039215564728, "epoch": 32, "epoch_time": 152.4460813999176, "start_time": 1669934043.906431}
{"val_loss": 0.4688480496406555, "accuracy": 0.8438999652862549, "data_props": "1,0,1", "device": "cuda", "train_loss": 0.2299310266971588, "epoch": 33, "epoch_time": 151.3651144504547, "start_time": 1669934043.906431}
{"val_loss": 0.4598578214645386, "accuracy": 0.8504999279975891, "data_props": "1,0,1", "device": "cuda", "train_loss": 0.22524257004261017, "epoch": 34, "epoch_time": 149.8934154510498, "start_time": 1669934043.906431}
{"val_loss": 0.4710090160369873, "accuracy": 0.8432000875473022, "data_props": "1,0,1", "device": "cuda", "train_loss": 0.22113478183746338, "epoch": 35, "epoch_time": 154.50101470947266, "start_time": 1669934043.906431}
{"val_loss": 0.487072229385376, "accuracy": 0.8346999883651733, "data_props": "1,0,1",