{"val_loss": 1.4805700778961182, "accuracy": 0.45389997959136963, "data_props": "1,0,0", "device": "cuda", "train_loss": 1.7399293184280396, "epoch": 0, "epoch_time": 56.399306535720825, "start_time": 1669942647.1944258}
{"val_loss": 1.3661715984344482, "accuracy": 0.5088000297546387, "data_props": "1,0,0", "device": "cuda", "train_loss": 1.429185152053833, "epoch": 1, "epoch_time": 55.02898383140564, "start_time": 1669942647.1944258}
{"val_loss": 1.2603553533554077, "accuracy": 0.5501000285148621, "data_props": "1,0,0", "device": "cuda", "train_loss": 1.2918869256973267, "epoch": 2, "epoch_time": 54.7953827381134, "start_time": 1669942647.1944258}
{"val_loss": 1.1205486059188843, "accuracy": 0.6031000018119812, "data_props": "1,0,0", "device": "cuda", "train_loss": 1.1928081512451172, "epoch": 3, "epoch_time": 54.97832441329956, "start_time": 1669942647.1944258}
{"val_loss": 1.1333327293395996, "accuracy": 0.5968000292778015, "data_props": "1,0,0", "device": "cuda", "train_loss": 1.1123337745666504, "epoch": 4, "epoch_time": 54.882956743240356, "start_time": 1669942647.1944258}
{"val_loss": 0.9995496273040771, "accuracy": 0.6460999846458435, "data_props": "1,0,0", "device": "cuda", "train_loss": 1.0419553518295288, "epoch": 5, "epoch_time": 55.54794526100159, "start_time": 1669942647.1944258}
{"val_loss": 0.9913814663887024, "accuracy": 0.6395000219345093, "data_props": "1,0,0", "device": "cuda", "train_loss": 0.9911671280860901, "epoch": 6, "epoch_time": 54.87739586830139, "start_time": 1669942647.1944258}
{"val_loss": 0.8375214338302612, "accuracy": 0.698900043964386, "data_props": "1,0,0", "device": "cuda", "train_loss": 0.939159631729126, "epoch": 7, "epoch_time": 55.36815929412842, "start_time": 1669942647.1944258}
{"val_loss": 0.8393111228942871, "accuracy": 0.7026000022888184, "data_props": "1,0,0", "device": "cuda", "train_loss": 0.901231050491333, "epoch": 8, "epoch_time": 57.6685574054718, "start_time": 1669942647.1944258}
{"val_loss": 0.8075839281082153, "accuracy": 0.718200147151947, "data_props": "1,0,0", "device": "cuda", "train_loss": 0.8662701845169067, "epoch": 9, "epoch_time": 54.822965145111084, "start_time": 1669942647.1944258}
{"val_loss": 0.7685427069664001, "accuracy": 0.7316000461578369, "data_props": "1,0,0", "device": "cuda", "train_loss": 0.8316519856452942, "epoch": 10, "epoch_time": 55.89987230300903, "start_time": 1669942647.1944258}
{"val_loss": 0.733549177646637, "accuracy": 0.7462999224662781, "data_props": "1,0,0", "device": "cuda", "train_loss": 0.8051455616950989, "epoch": 11, "epoch_time": 56.170276165008545, "start_time": 1669942647.1944258}
{"val_loss": 0.697380542755127, "accuracy": 0.7542999982833862, "data_props": "1,0,0", "device": "cuda", "train_loss": 0.783377468585968, "epoch": 12, "epoch_time": 54.9782075881958, "start_time": 1669942647.1944258}
{"val_loss": 0.6743649840354919, "accuracy": 0.7642999291419983, "data_props": "1,0,0", "device": "cuda", "train_loss": 0.7546830177307129, "epoch": 13, "epoch_time": 54.46922564506531, "start_time": 1669942647.1944258}
{"val_loss": 0.6705297231674194, "accuracy": 0.7679001092910767, "data_props": "1,0,0", "device": "cuda", "train_loss": 0.7381294369697571, "epoch": 14, "epoch_time": 54.83139133453369, "start_time": 1669942647.1944258}
{"val_loss": 0.6400192379951477, "accuracy": 0.7774999737739563, "data_props": "1,0,0", "device": "cuda", "train_loss": 0.7145309448242188, "epoch": 15, "epoch_time": 54.37323832511902, "start_time": 1669942647.1944258}
{"val_loss": 0.6304725408554077, "accuracy": 0.780799925327301, "data_props": "1,0,0", "device": "cuda", "train_loss": 0.6955437660217285, "epoch": 16, "epoch_time": 55.47817254066467, "start_time": 1669942647.1944258}
{"val_loss": 0.6217348575592041, "accuracy": 0.7844000458717346, "data_props": "1,0,0", "device": "cuda", "train_loss": 0.6815970540046692, "epoch": 17, "epoch_time": 53.754759073257446, "start_time": 1669942647.1944258}
{"val_loss": 0.6189320087432861, "accuracy": 0.7875000238418579, "data_props": "1,0,0", "device": "cuda", "train_loss": 0.6604538559913635, "epoch": 18, "epoch_time": 55.02811360359192, "start_time": 1669942647.1944258}
{"val_loss": 0.6028470396995544, "accuracy": 0.7925000786781311, "data_props": "1,0,0", "device": "cuda", "train_loss": 0.6462732553482056, "epoch": 19, "epoch_time": 55.01434850692749, "start_time": 1669942647.1944258}
{"val_loss": 0.5993345379829407, "accuracy": 0.7913000583648682, "data_props": "1,0,0", "device": "cuda", "train_loss": 0.6311189532279968, "epoch": 20, "epoch_time": 54.45027303695679, "start_time": 1669942647.1944258}
{"val_loss": 0.5847675204277039, "accuracy": 0.7975999712944031, "data_props": "1,0,0", "device": "cuda", "train_loss": 0.6148350834846497, "epoch": 21, "epoch_time": 54.740381956100464, "start_time": 1669942647.1944258}
{"val_loss": 0.5807705521583557, "accuracy": 0.7994000315666199, "data_props": "1,0,0", "device": "cuda", "train_loss": 0.6009562015533447, "epoch": 22, "epoch_time": 55.816489934921265, "start_time": 1669942647.1944258}
{"val_loss": 0.5748878717422485, "accuracy": 0.8006001114845276, "data_props": "1,0,0", "device": "cuda", "train_loss": 0.5918798446655273, "epoch": 23, "epoch_time": 55.29092597961426, "start_time": 1669942647.1944258}
{"val_loss": 0.5757941007614136, "accuracy": 0.8011999726295471, "data_props": "1,0,0", "device": "cuda", "train_loss": 0.5808417797088623, "epoch": 24, "epoch_time": 54.36804676055908, "start_time": 1669942647.1944258}
{"val_loss": 0.5684914588928223, "accuracy": 0.8062000274658203, "data_props": "1,0,0", "device": "cuda", "train_loss": 0.5659517049789429, "epoch": 25, "epoch_time": 55.486371994018555, "start_time": 1669942647.1944258}
{"val_loss": 0.5641524791717529, "accuracy": 0.8075000047683716, "data_props": "1,0,0", "device": "cuda", "train_loss": 0.5523128509521484, "epoch": 26, "epoch_time": 54.684239625930786, "start_time": 1669942647.1944258}
{"val_loss": 0.571297287940979, "accuracy": 0.8065000772476196, "data_props": "1,0,0", "device": "cuda", "train_loss": 0.544106662273407, "epoch": 27, "epoch_time": 54.865745544433594, "start_time": 1669942647.1944258}
{"val_loss": 0.5625334978103638, "accuracy": 0.8069000244140625, "data_props": "1,0,0", "device": "cuda", "train_loss": 0.5344492793083191, "epoch": 28, "epoch_time": 54.296011209487915, "start_time": 1669942647.1944258}
{"val_loss": 0.5670202374458313, "accuracy": 0.803800106048584, "data_props": "1,0,0", "device": "cuda", "train_loss": 0.5247205495834351, "epoch": 29, "epoch_time": 55.36193561553955, "start_time": 1669942647.1944258}
{"val_loss": 0.5755689740180969, "accuracy": 0.8046000003814697, "data_props": "1,0,0", "device": "cuda", "train_loss": 0.5100200772285461, "epoch": 30, "epoch_time": 54.89216756820679, "start_time": 1669942647.1944258}
{"val_loss": 0.5692088007926941, "accuracy": 0.8083999752998352, "data_props": "1,0,0", "device": "cuda", "train_loss": 0.5067904591560364, "epoch": 31, "epoch_time": 54.85123085975647, "start_time": 1669942647.1944258}
{"val_loss": 0.5690639615058899, "accuracy": 0.8077000379562378, "data_props": "1,0,0", "device": "cuda", "train_loss": 0.5016859769821167, "epoch": 32, "epoch_time": 54.14070129394531, "start_time": 1669942647.1944258}
{"val_loss": 0.5752900838851929, "accuracy": 0.8046000003814697, "data_props": "1,0,0", "device": "cuda", "train_loss": 0.484965443611145, "epoch": 33, "epoch_time": 53.79642963409424, "start_time": 1669942647.1944258}
{"val_loss": 0.6048476696014404, "accuracy": 0.7968000173568726, "data_props": "1,0,0", "device": "cuda", "train_loss": 0.48160532116889954, "epoch": 34, "epoch_time": 55.381269693374634, "start_time": 1669942647.1944258}
{"val_loss": 0.5699937343597412, "accuracy": 0.8050999641418457, "data_props": "1,0,0", "device": "cuda", "train_loss": 0.47401365637779236, "epoch": 35, "epoch_time": 54.68772220611572, "start_time": 1669942647.1944258}
{"val_loss": 0.572293758392334, "accuracy": 0.8068000674247742, "data_props": "1,0,0",